{"cameraMode":{"drawMode":0,"name":"Shaded","section":"Shading Mode"},"sceneLighting":true,"audioPlay":false,"sceneViewState":{"showFog":true,"showMaterialUpdate":false,"showSkybox":true,"showFlares":true,"showImageEffects":true,"showParticleSystems":true},"in2DMode":false,"pivot":{"x":-3.4336953163146974,"y":-7.668458461761475,"z":-16.856708526611329},"rotation":{"x":-0.008444077335298062,"y":0.9710052609443665,"z":-0.23639588057994843,"w":-0.034678343683481219},"size":27.277385711669923,"orthographic":false}