{"cameraMode":{"drawMode":0,"name":"Shaded","section":"Shading Mode"},"sceneLighting":true,"audioPlay":false,"sceneViewState":{"showFog":true,"showMaterialUpdate":false,"showSkybox":true,"showFlares":true,"showImageEffects":true,"showParticleSystems":true},"in2DMode":false,"pivot":{"x":4.094016075134277,"y":-5.792910575866699,"z":-11.674633979797364},"rotation":{"x":-0.059948328882455829,"y":-0.9400606155395508,"z":0.23784294724464417,"w":-0.23692750930786134},"size":20.47831916809082,"orthographic":false}